parameter,value
datadir,/proj/sens2021565/nobackup/nsphs_ml_qt_results/data_issue_42_M3e_p0_1000/
data,data_issue_42_M3e_p0_1000
superpops,
model_id,M3e
train_opts_id,ex3
data_opts_id,b_0_4
trainedmodeldir,/proj/sens2021565/nobackup/nsphs_ml_qt_results/data_issue_42_M3e_p0_1000_ae/
pheno_model_id,p0
analyse_epochs,"10,20,30,40,50,60,70,80,90,100,110,120,130,140,150,160,170,180,190,200,210,220,230,240,250,260,270,280,290,300,310,320,330,340,350,360,370,380,390,400,410,420,430,440,450,460,470,480,490,500,510,520,530,540,550,560,570,580,590,600,610,620,630,640,650,660,670,680,690,700,710,720,730,740,750,760,770,780,790,800,810,820,830,840,850,860,870,880,890,900,910,920,930,940,950,960,970,980,990,1000"
metrics,
gcae_folder,/opt/gcae_richel
ormr_folder_name,python3
gcae_version,1.0
python_version,3.6
