population,name,value,epoch
KA06,n_samples,637,10
KA06,f1_score_3,0.8468,10
KA06,f1_score_5,0.8456,10
KA06,f1_score_7,0.8433,10
KA06,f1_score_9,0.8433,10
KA06,f1_score_11,0.8433,10
KA09,n_samples,233,10
KA09,f1_score_3,0.1697,10
KA09,f1_score_5,0.08,10
KA09,f1_score_7,0.0791,10
KA09,f1_score_9,0.0791,10
KA09,f1_score_11,0.0791,10
KA06,n_samples,637,20
KA06,f1_score_3,0.8469,20
KA06,f1_score_5,0.8436,20
KA06,f1_score_7,0.8431,20
KA06,f1_score_9,0.844,20
KA06,f1_score_11,0.8451,20
KA09,n_samples,233,20
KA09,f1_score_3,0.1167,20
KA09,f1_score_5,0.1217,20
KA09,f1_score_7,0.0863,20
KA09,f1_score_9,0.025,20
KA09,f1_score_11,0.1745,20
KA06,n_samples,637,30
KA06,f1_score_3,0.8468,30
KA06,f1_score_5,0.8464,30
KA06,f1_score_7,0.8464,30
KA06,f1_score_9,0.8464,30
KA06,f1_score_11,0.8441,30
KA09,n_samples,233,30
KA09,f1_score_3,0.0952,30
KA09,f1_score_5,0.0803,30
KA09,f1_score_7,0.0803,30
KA09,f1_score_9,0.0803,30
KA09,f1_score_11,0.0794,30
KA06,n_samples,637,40
KA06,f1_score_3,0.846,40
KA06,f1_score_5,0.8464,40
KA06,f1_score_7,0.8464,40
KA06,f1_score_9,0.8468,40
KA06,f1_score_11,0.8468,40
KA09,n_samples,233,40
KA09,f1_score_3,0.1691,40
KA09,f1_score_5,0.0803,40
KA09,f1_score_7,0.0803,40
KA09,f1_score_9,0.1697,40
KA09,f1_score_11,0.1697,40
KA06,n_samples,637,50
KA06,f1_score_3,0.846,50
KA06,f1_score_5,0.8462,50
KA06,f1_score_7,0.8462,50
KA06,f1_score_9,0.8464,50
KA06,f1_score_11,0.8464,50
KA09,n_samples,233,50
KA09,f1_score_3,0.1691,50
KA09,f1_score_5,0.1163,50
KA09,f1_score_7,0.1163,50
KA09,f1_score_9,0.0803,50
KA09,f1_score_11,0.0803,50
KA06,n_samples,637,60
KA06,f1_score_3,0.8455,60
KA06,f1_score_5,0.8451,60
KA06,f1_score_7,0.8442,60
KA06,f1_score_9,0.8444,60
KA06,f1_score_11,0.8454,60
KA09,n_samples,233,60
KA09,f1_score_3,0.0571,60
KA09,f1_score_5,0.0413,60
KA09,f1_score_7,0.1012,60
KA09,f1_score_9,0.1221,60
KA09,f1_score_11,0.1871,60
KA06,n_samples,637,70
KA06,f1_score_3,0.8461,70
KA06,f1_score_5,0.8276,70
KA06,f1_score_7,0.8454,70
KA06,f1_score_9,0.8276,70
KA06,f1_score_11,0.8472,70
KA09,n_samples,233,70
KA09,f1_score_3,0.0335,70
KA09,f1_score_5,0.0935,70
KA09,f1_score_7,0,70
KA09,f1_score_9,0.0935,70
KA09,f1_score_11,0.0806,70
KA06,n_samples,637,80
KA06,f1_score_3,0.8469,80
KA06,f1_score_5,0.8465,80
KA06,f1_score_7,0.8454,80
KA06,f1_score_9,0.8465,80
KA06,f1_score_11,0.8472,80
KA09,n_samples,233,80
KA09,f1_score_3,0.0336,80
KA09,f1_score_5,0.017,80
KA09,f1_score_7,0,80
KA09,f1_score_9,0.017,80
KA09,f1_score_11,0.0806,80
KA06,n_samples,637,90
KA06,f1_score_3,0.8454,90
KA06,f1_score_5,0.8469,90
KA06,f1_score_7,0.8455,90
KA06,f1_score_9,0.8475,90
KA06,f1_score_11,0.8469,90
KA09,n_samples,233,90
KA09,f1_score_3,0.1158,90
KA09,f1_score_5,0.0336,90
KA09,f1_score_7,0.1364,90
KA09,f1_score_9,0.0956,90
KA09,f1_score_11,0.1167,90
KA06,n_samples,637,100
KA06,f1_score_3,0.8469,100
KA06,f1_score_5,0.8469,100
KA06,f1_score_7,0.8475,100
KA06,f1_score_9,0.8475,100
KA06,f1_score_11,0.8483,100
KA09,n_samples,233,100
KA09,f1_score_3,0.1167,100
KA09,f1_score_5,0.1167,100
KA09,f1_score_7,0.0956,100
KA09,f1_score_9,0.0956,100
KA09,f1_score_11,0.096,100
KA06,n_samples,637,110
KA06,f1_score_3,0.8462,110
KA06,f1_score_5,0.8472,110
KA06,f1_score_7,0.8466,110
KA06,f1_score_9,0.8476,110
KA06,f1_score_11,0.8454,110
KA09,n_samples,233,110
KA09,f1_score_3,0.1163,110
KA09,f1_score_5,0.0806,110
KA09,f1_score_7,0.1024,110
KA09,f1_score_9,0.1704,110
KA09,f1_score_11,0.1871,110
KA06,n_samples,637,120
KA06,f1_score_3,0.8462,120
KA06,f1_score_5,0.8472,120
KA06,f1_score_7,0.8466,120
KA06,f1_score_9,0.8476,120
KA06,f1_score_11,0.8454,120
KA09,n_samples,233,120
KA09,f1_score_3,0.1163,120
KA09,f1_score_5,0.0806,120
KA09,f1_score_7,0.1024,120
KA09,f1_score_9,0.1704,120
KA09,f1_score_11,0.1871,120
KA06,n_samples,637,130
KA06,f1_score_3,0.8483,130
KA06,f1_score_5,0.8472,130
KA06,f1_score_7,0.8472,130
KA06,f1_score_9,0.8458,130
KA06,f1_score_11,0.8472,130
KA09,n_samples,233,130
KA09,f1_score_3,0.096,130
KA09,f1_score_5,0.0806,130
KA09,f1_score_7,0.0806,130
KA09,f1_score_9,0.102,130
KA09,f1_score_11,0.0806,130
KA06,n_samples,637,140
KA06,f1_score_3,0.8462,140
KA06,f1_score_5,0.846,140
KA06,f1_score_7,0.8454,140
KA06,f1_score_9,0.8454,140
KA06,f1_score_11,0.8454,140
KA09,n_samples,233,140
KA09,f1_score_3,0.1877,140
KA09,f1_score_5,0.1691,140
KA09,f1_score_7,0.1871,140
KA09,f1_score_9,0.1871,140
KA09,f1_score_11,0.1871,140
KA06,n_samples,637,150
KA06,f1_score_3,0.8469,150
KA06,f1_score_5,0.8464,150
KA06,f1_score_7,0.8458,150
KA06,f1_score_9,0.8462,150
KA06,f1_score_11,0.8462,150
KA09,n_samples,233,150
KA09,f1_score_3,0.1167,150
KA09,f1_score_5,0.0803,150
KA09,f1_score_7,0.102,150
KA09,f1_score_9,0.1877,150
KA09,f1_score_11,0.1877,150
KA06,n_samples,637,160
KA06,f1_score_3,0.8462,160
KA06,f1_score_5,0.8472,160
KA06,f1_score_7,0.8466,160
KA06,f1_score_9,0.8476,160
KA06,f1_score_11,0.8454,160
KA09,n_samples,233,160
KA09,f1_score_3,0.1163,160
KA09,f1_score_5,0.0806,160
KA09,f1_score_7,0.1024,160
KA09,f1_score_9,0.1704,160
KA09,f1_score_11,0.1871,160
KA06,n_samples,637,170
KA06,f1_score_3,0.8469,170
KA06,f1_score_5,0.8472,170
KA06,f1_score_7,0.8466,170
KA06,f1_score_9,0.847,170
KA06,f1_score_11,0.8462,170
KA09,n_samples,233,170
KA09,f1_score_3,0.1167,170
KA09,f1_score_5,0.0806,170
KA09,f1_score_7,0.1024,170
KA09,f1_score_9,0.1884,170
KA09,f1_score_11,0.1877,170
KA06,n_samples,637,180
KA06,f1_score_3,0.8462,180
KA06,f1_score_5,0.8472,180
KA06,f1_score_7,0.8466,180
KA06,f1_score_9,0.8476,180
KA06,f1_score_11,0.8454,180
KA09,n_samples,233,180
KA09,f1_score_3,0.1163,180
KA09,f1_score_5,0.0806,180
KA09,f1_score_7,0.1024,180
KA09,f1_score_9,0.1704,180
KA09,f1_score_11,0.1871,180
KA06,n_samples,637,190
KA06,f1_score_3,0.8469,190
KA06,f1_score_5,0.8476,190
KA06,f1_score_7,0.8466,190
KA06,f1_score_9,0.8476,190
KA06,f1_score_11,0.8454,190
KA09,n_samples,233,190
KA09,f1_score_3,0.0336,190
KA09,f1_score_5,0.0338,190
KA09,f1_score_7,0.1024,190
KA09,f1_score_9,0.1704,190
KA09,f1_score_11,0.1871,190
KA06,n_samples,637,200
KA06,f1_score_3,0.8462,200
KA06,f1_score_5,0.8472,200
KA06,f1_score_7,0.8466,200
KA06,f1_score_9,0.8476,200
KA06,f1_score_11,0.8454,200
KA09,n_samples,233,200
KA09,f1_score_3,0.1163,200
KA09,f1_score_5,0.0806,200
KA09,f1_score_7,0.1024,200
KA09,f1_score_9,0.1704,200
KA09,f1_score_11,0.1871,200
KA06,n_samples,637,210
KA06,f1_score_3,0.8462,210
KA06,f1_score_5,0.8472,210
KA06,f1_score_7,0.8466,210
KA06,f1_score_9,0.8476,210
KA06,f1_score_11,0.8454,210
KA09,n_samples,233,210
KA09,f1_score_3,0.1163,210
KA09,f1_score_5,0.0806,210
KA09,f1_score_7,0.1024,210
KA09,f1_score_9,0.1704,210
KA09,f1_score_11,0.1871,210
KA06,n_samples,637,220
KA06,f1_score_3,0.8446,220
KA06,f1_score_5,0.8442,220
KA06,f1_score_7,0.8447,220
KA06,f1_score_9,0.8468,220
KA06,f1_score_11,0.8469,220
KA09,n_samples,233,220
KA09,f1_score_3,0.1154,220
KA09,f1_score_5,0.0168,220
KA09,f1_score_7,0.0569,220
KA09,f1_score_9,0.0952,220
KA09,f1_score_11,0.1167,220
KA06,n_samples,637,230
KA06,f1_score_3,0.8468,230
KA06,f1_score_5,0.8483,230
KA06,f1_score_7,0.8466,230
KA06,f1_score_9,0.8476,230
KA06,f1_score_11,0.8454,230
KA09,n_samples,233,230
KA09,f1_score_3,0.0952,230
KA09,f1_score_5,0.096,230
KA09,f1_score_7,0.1024,230
KA09,f1_score_9,0.1704,230
KA09,f1_score_11,0.1871,230
KA06,n_samples,637,240
KA06,f1_score_3,0.8461,240
KA06,f1_score_5,0.8476,240
KA06,f1_score_7,0.8466,240
KA06,f1_score_9,0.8476,240
KA06,f1_score_11,0.8454,240
KA09,n_samples,233,240
KA09,f1_score_3,0.0335,240
KA09,f1_score_5,0.0338,240
KA09,f1_score_7,0.1024,240
KA09,f1_score_9,0.1704,240
KA09,f1_score_11,0.1871,240
KA06,n_samples,637,250
KA06,f1_score_3,0.8469,250
KA06,f1_score_5,0.8472,250
KA06,f1_score_7,0.8466,250
KA06,f1_score_9,0.847,250
KA06,f1_score_11,0.8462,250
KA09,n_samples,233,250
KA09,f1_score_3,0.1167,250
KA09,f1_score_5,0.0806,250
KA09,f1_score_7,0.1024,250
KA09,f1_score_9,0.1884,250
KA09,f1_score_11,0.1877,250
KA06,n_samples,637,260
KA06,f1_score_3,0.8469,260
KA06,f1_score_5,0.8476,260
KA06,f1_score_7,0.8459,260
KA06,f1_score_9,0.8466,260
KA06,f1_score_11,0.8472,260
KA09,n_samples,233,260
KA09,f1_score_3,0.0336,260
KA09,f1_score_5,0.0338,260
KA09,f1_score_7,0.0415,260
KA09,f1_score_9,0.1024,260
KA09,f1_score_11,0.0806,260
KA06,n_samples,637,270
KA06,f1_score_3,0.8461,270
KA06,f1_score_5,0.8476,270
KA06,f1_score_7,0.8459,270
KA06,f1_score_9,0.8476,270
KA06,f1_score_11,0.8454,270
KA09,n_samples,233,270
KA09,f1_score_3,0.0335,270
KA09,f1_score_5,0.0338,270
KA09,f1_score_7,0.0415,270
KA09,f1_score_9,0.1704,270
KA09,f1_score_11,0.1871,270
KA06,n_samples,637,280
KA06,f1_score_3,0.8461,280
KA06,f1_score_5,0.8476,280
KA06,f1_score_7,0.8466,280
KA06,f1_score_9,0.8476,280
KA06,f1_score_11,0.8454,280
KA09,n_samples,233,280
KA09,f1_score_3,0.0335,280
KA09,f1_score_5,0.0338,280
KA09,f1_score_7,0.1024,280
KA09,f1_score_9,0.1704,280
KA09,f1_score_11,0.1871,280
KA06,n_samples,637,290
KA06,f1_score_3,0.8462,290
KA06,f1_score_5,0.8472,290
KA06,f1_score_7,0.8466,290
KA06,f1_score_9,0.8476,290
KA06,f1_score_11,0.8454,290
KA09,n_samples,233,290
KA09,f1_score_3,0.1163,290
KA09,f1_score_5,0.0806,290
KA09,f1_score_7,0.1024,290
KA09,f1_score_9,0.1704,290
KA09,f1_score_11,0.1871,290
KA06,n_samples,637,300
KA06,f1_score_3,0.8462,300
KA06,f1_score_5,0.8464,300
KA06,f1_score_7,0.8458,300
KA06,f1_score_9,0.8468,300
KA06,f1_score_11,0.8454,300
KA09,n_samples,233,300
KA09,f1_score_3,0.1163,300
KA09,f1_score_5,0.0803,300
KA09,f1_score_7,0.102,300
KA09,f1_score_9,0.1697,300
KA09,f1_score_11,0.1871,300
KA06,n_samples,637,310
KA06,f1_score_3,0.8462,310
KA06,f1_score_5,0.8464,310
KA06,f1_score_7,0.8458,310
KA06,f1_score_9,0.8468,310
KA06,f1_score_11,0.8454,310
KA09,n_samples,233,310
KA09,f1_score_3,0.1163,310
KA09,f1_score_5,0.0803,310
KA09,f1_score_7,0.102,310
KA09,f1_score_9,0.1697,310
KA09,f1_score_11,0.1871,310
KA06,n_samples,637,320
KA06,f1_score_3,0.8475,320
KA06,f1_score_5,0.8483,320
KA06,f1_score_7,0.8466,320
KA06,f1_score_9,0.8476,320
KA06,f1_score_11,0.8454,320
KA09,n_samples,233,320
KA09,f1_score_3,0.0956,320
KA09,f1_score_5,0.096,320
KA09,f1_score_7,0.1024,320
KA09,f1_score_9,0.1704,320
KA09,f1_score_11,0.1871,320
KA06,n_samples,637,330
KA06,f1_score_3,0.8468,330
KA06,f1_score_5,0.8483,330
KA06,f1_score_7,0.8466,330
KA06,f1_score_9,0.8476,330
KA06,f1_score_11,0.8454,330
KA09,n_samples,233,330
KA09,f1_score_3,0.0952,330
KA09,f1_score_5,0.096,330
KA09,f1_score_7,0.1024,330
KA09,f1_score_9,0.1704,330
KA09,f1_score_11,0.1871,330
KA06,n_samples,637,340
KA06,f1_score_3,0.8461,340
KA06,f1_score_5,0.8476,340
KA06,f1_score_7,0.8466,340
KA06,f1_score_9,0.8476,340
KA06,f1_score_11,0.8454,340
KA09,n_samples,233,340
KA09,f1_score_3,0.0335,340
KA09,f1_score_5,0.0338,340
KA09,f1_score_7,0.1024,340
KA09,f1_score_9,0.1704,340
KA09,f1_score_11,0.1871,340
KA06,n_samples,637,350
KA06,f1_score_3,0.8461,350
KA06,f1_score_5,0.8476,350
KA06,f1_score_7,0.8466,350
KA06,f1_score_9,0.8476,350
KA06,f1_score_11,0.8454,350
KA09,n_samples,233,350
KA09,f1_score_3,0.0335,350
KA09,f1_score_5,0.0338,350
KA09,f1_score_7,0.1024,350
KA09,f1_score_9,0.1704,350
KA09,f1_score_11,0.1871,350
KA06,n_samples,637,360
KA06,f1_score_3,0.8461,360
KA06,f1_score_5,0.8476,360
KA06,f1_score_7,0.8466,360
KA06,f1_score_9,0.8476,360
KA06,f1_score_11,0.8454,360
KA09,n_samples,233,360
KA09,f1_score_3,0.0335,360
KA09,f1_score_5,0.0338,360
KA09,f1_score_7,0.1024,360
KA09,f1_score_9,0.1704,360
KA09,f1_score_11,0.1871,360
KA06,n_samples,637,370
KA06,f1_score_3,0.8469,370
KA06,f1_score_5,0.8464,370
KA06,f1_score_7,0.8458,370
KA06,f1_score_9,0.8462,370
KA06,f1_score_11,0.8462,370
KA09,n_samples,233,370
KA09,f1_score_3,0.1167,370
KA09,f1_score_5,0.0803,370
KA09,f1_score_7,0.102,370
KA09,f1_score_9,0.1877,370
KA09,f1_score_11,0.1877,370
KA06,n_samples,637,380
KA06,f1_score_3,0.8462,380
KA06,f1_score_5,0.8472,380
KA06,f1_score_7,0.8466,380
KA06,f1_score_9,0.8476,380
KA06,f1_score_11,0.8454,380
KA09,n_samples,233,380
KA09,f1_score_3,0.1163,380
KA09,f1_score_5,0.0806,380
KA09,f1_score_7,0.1024,380
KA09,f1_score_9,0.1704,380
KA09,f1_score_11,0.1871,380
KA06,n_samples,637,390
KA06,f1_score_3,0.8477,390
KA06,f1_score_5,0.8472,390
KA06,f1_score_7,0.8472,390
KA06,f1_score_9,0.8462,390
KA06,f1_score_11,0.8462,390
KA09,n_samples,233,390
KA09,f1_score_3,0.1172,390
KA09,f1_score_5,0.0806,390
KA09,f1_score_7,0.0806,390
KA09,f1_score_9,0.1877,390
KA09,f1_score_11,0.1877,390
KA06,n_samples,637,400
KA06,f1_score_3,0.8461,400
KA06,f1_score_5,0.8476,400
KA06,f1_score_7,0.8459,400
KA06,f1_score_9,0.8476,400
KA06,f1_score_11,0.8454,400
KA09,n_samples,233,400
KA09,f1_score_3,0.0335,400
KA09,f1_score_5,0.0338,400
KA09,f1_score_7,0.0415,400
KA09,f1_score_9,0.1704,400
KA09,f1_score_11,0.1871,400
KA06,n_samples,637,410
KA06,f1_score_3,0.8468,410
KA06,f1_score_5,0.8483,410
KA06,f1_score_7,0.8466,410
KA06,f1_score_9,0.8476,410
KA06,f1_score_11,0.8454,410
KA09,n_samples,233,410
KA09,f1_score_3,0.0952,410
KA09,f1_score_5,0.096,410
KA09,f1_score_7,0.1024,410
KA09,f1_score_9,0.1704,410
KA09,f1_score_11,0.1871,410
KA06,n_samples,637,420
KA06,f1_score_3,0.8461,420
KA06,f1_score_5,0.8476,420
KA06,f1_score_7,0.8466,420
KA06,f1_score_9,0.8476,420
KA06,f1_score_11,0.8454,420
KA09,n_samples,233,420
KA09,f1_score_3,0.0335,420
KA09,f1_score_5,0.0338,420
KA09,f1_score_7,0.1024,420
KA09,f1_score_9,0.1704,420
KA09,f1_score_11,0.1871,420
KA06,n_samples,637,430
KA06,f1_score_3,0.8461,430
KA06,f1_score_5,0.8476,430
KA06,f1_score_7,0.8466,430
KA06,f1_score_9,0.8476,430
KA06,f1_score_11,0.8454,430
KA09,n_samples,233,430
KA09,f1_score_3,0.0335,430
KA09,f1_score_5,0.0338,430
KA09,f1_score_7,0.1024,430
KA09,f1_score_9,0.1704,430
KA09,f1_score_11,0.1871,430
KA06,n_samples,637,440
KA06,f1_score_3,0.8469,440
KA06,f1_score_5,0.8464,440
KA06,f1_score_7,0.8464,440
KA06,f1_score_9,0.8468,440
KA06,f1_score_11,0.8462,440
KA09,n_samples,233,440
KA09,f1_score_3,0.1167,440
KA09,f1_score_5,0.0803,440
KA09,f1_score_7,0.0803,440
KA09,f1_score_9,0.1697,440
KA09,f1_score_11,0.1877,440
KA06,n_samples,637,450
KA06,f1_score_3,0.8462,450
KA06,f1_score_5,0.8472,450
KA06,f1_score_7,0.8466,450
KA06,f1_score_9,0.8476,450
KA06,f1_score_11,0.8454,450
KA09,n_samples,233,450
KA09,f1_score_3,0.1163,450
KA09,f1_score_5,0.0806,450
KA09,f1_score_7,0.1024,450
KA09,f1_score_9,0.1704,450
KA09,f1_score_11,0.1871,450
KA06,n_samples,637,460
KA06,f1_score_3,0.8469,460
KA06,f1_score_5,0.8464,460
KA06,f1_score_7,0.8458,460
KA06,f1_score_9,0.8462,460
KA06,f1_score_11,0.8462,460
KA09,n_samples,233,460
KA09,f1_score_3,0.1167,460
KA09,f1_score_5,0.0803,460
KA09,f1_score_7,0.102,460
KA09,f1_score_9,0.1877,460
KA09,f1_score_11,0.1877,460
KA06,n_samples,637,470
KA06,f1_score_3,0.8468,470
KA06,f1_score_5,0.8483,470
KA06,f1_score_7,0.8466,470
KA06,f1_score_9,0.8476,470
KA06,f1_score_11,0.8454,470
KA09,n_samples,233,470
KA09,f1_score_3,0.0952,470
KA09,f1_score_5,0.096,470
KA09,f1_score_7,0.1024,470
KA09,f1_score_9,0.1704,470
KA09,f1_score_11,0.1871,470
KA06,n_samples,637,480
KA06,f1_score_3,0.8462,480
KA06,f1_score_5,0.8472,480
KA06,f1_score_7,0.8466,480
KA06,f1_score_9,0.8476,480
KA06,f1_score_11,0.8454,480
KA09,n_samples,233,480
KA09,f1_score_3,0.1163,480
KA09,f1_score_5,0.0806,480
KA09,f1_score_7,0.1024,480
KA09,f1_score_9,0.1704,480
KA09,f1_score_11,0.1871,480
KA06,n_samples,637,490
KA06,f1_score_3,0.8468,490
KA06,f1_score_5,0.8483,490
KA06,f1_score_7,0.8466,490
KA06,f1_score_9,0.8476,490
KA06,f1_score_11,0.8454,490
KA09,n_samples,233,490
KA09,f1_score_3,0.0952,490
KA09,f1_score_5,0.096,490
KA09,f1_score_7,0.1024,490
KA09,f1_score_9,0.1704,490
KA09,f1_score_11,0.1871,490
KA06,n_samples,637,500
KA06,f1_score_3,0.8462,500
KA06,f1_score_5,0.8472,500
KA06,f1_score_7,0.8466,500
KA06,f1_score_9,0.8476,500
KA06,f1_score_11,0.8454,500
KA09,n_samples,233,500
KA09,f1_score_3,0.1163,500
KA09,f1_score_5,0.0806,500
KA09,f1_score_7,0.1024,500
KA09,f1_score_9,0.1704,500
KA09,f1_score_11,0.1871,500
KA06,n_samples,637,510
KA06,f1_score_3,0.8462,510
KA06,f1_score_5,0.8472,510
KA06,f1_score_7,0.8466,510
KA06,f1_score_9,0.8476,510
KA06,f1_score_11,0.8454,510
KA09,n_samples,233,510
KA09,f1_score_3,0.1163,510
KA09,f1_score_5,0.0806,510
KA09,f1_score_7,0.1024,510
KA09,f1_score_9,0.1704,510
KA09,f1_score_11,0.1871,510
KA06,n_samples,637,520
KA06,f1_score_3,0.8462,520
KA06,f1_score_5,0.8472,520
KA06,f1_score_7,0.8466,520
KA06,f1_score_9,0.8476,520
KA06,f1_score_11,0.8454,520
KA09,n_samples,233,520
KA09,f1_score_3,0.1163,520
KA09,f1_score_5,0.0806,520
KA09,f1_score_7,0.1024,520
KA09,f1_score_9,0.1704,520
KA09,f1_score_11,0.1871,520
KA06,n_samples,637,530
KA06,f1_score_3,0.8446,530
KA06,f1_score_5,0.8442,530
KA06,f1_score_7,0.8447,530
KA06,f1_score_9,0.8468,530
KA06,f1_score_11,0.8469,530
KA09,n_samples,233,530
KA09,f1_score_3,0.1154,530
KA09,f1_score_5,0.0168,530
KA09,f1_score_7,0.0569,530
KA09,f1_score_9,0.0952,530
KA09,f1_score_11,0.1167,530
KA06,n_samples,637,540
KA06,f1_score_3,0.8462,540
KA06,f1_score_5,0.8472,540
KA06,f1_score_7,0.8466,540
KA06,f1_score_9,0.8476,540
KA06,f1_score_11,0.8454,540
KA09,n_samples,233,540
KA09,f1_score_3,0.1163,540
KA09,f1_score_5,0.0806,540
KA09,f1_score_7,0.1024,540
KA09,f1_score_9,0.1704,540
KA09,f1_score_11,0.1871,540
KA06,n_samples,637,550
KA06,f1_score_3,0.8469,550
KA06,f1_score_5,0.8464,550
KA06,f1_score_7,0.8458,550
KA06,f1_score_9,0.8468,550
KA06,f1_score_11,0.8462,550
KA09,n_samples,233,550
KA09,f1_score_3,0.1167,550
KA09,f1_score_5,0.0803,550
KA09,f1_score_7,0.102,550
KA09,f1_score_9,0.1697,550
KA09,f1_score_11,0.1877,550
KA06,n_samples,637,560
KA06,f1_score_3,0.8468,560
KA06,f1_score_5,0.8468,560
KA06,f1_score_7,0.847,560
KA06,f1_score_9,0.8454,560
KA06,f1_score_11,0.8454,560
KA09,n_samples,233,560
KA09,f1_score_3,0.0952,560
KA09,f1_score_5,0.0952,560
KA09,f1_score_7,0.1884,560
KA09,f1_score_9,0.1158,560
KA09,f1_score_11,0.1871,560
KA06,n_samples,637,570
KA06,f1_score_3,0.8475,570
KA06,f1_score_5,0.8472,570
KA06,f1_score_7,0.8466,570
KA06,f1_score_9,0.8466,570
KA06,f1_score_11,0.8472,570
KA09,n_samples,233,570
KA09,f1_score_3,0.0956,570
KA09,f1_score_5,0.0806,570
KA09,f1_score_7,0.1024,570
KA09,f1_score_9,0.1024,570
KA09,f1_score_11,0.0806,570
KA06,n_samples,637,580
KA06,f1_score_3,0.8461,580
KA06,f1_score_5,0.8476,580
KA06,f1_score_7,0.8466,580
KA06,f1_score_9,0.8476,580
KA06,f1_score_11,0.8454,580
KA09,n_samples,233,580
KA09,f1_score_3,0.0335,580
KA09,f1_score_5,0.0338,580
KA09,f1_score_7,0.1024,580
KA09,f1_score_9,0.1704,580
KA09,f1_score_11,0.1871,580
KA06,n_samples,637,590
KA06,f1_score_3,0.8468,590
KA06,f1_score_5,0.8483,590
KA06,f1_score_7,0.8466,590
KA06,f1_score_9,0.8476,590
KA06,f1_score_11,0.8454,590
KA09,n_samples,233,590
KA09,f1_score_3,0.0952,590
KA09,f1_score_5,0.096,590
KA09,f1_score_7,0.1024,590
KA09,f1_score_9,0.1704,590
KA09,f1_score_11,0.1871,590
KA06,n_samples,637,600
KA06,f1_score_3,0.8461,600
KA06,f1_score_5,0.8476,600
KA06,f1_score_7,0.8466,600
KA06,f1_score_9,0.8476,600
KA06,f1_score_11,0.8454,600
KA09,n_samples,233,600
KA09,f1_score_3,0.0335,600
KA09,f1_score_5,0.0338,600
KA09,f1_score_7,0.1024,600
KA09,f1_score_9,0.1704,600
KA09,f1_score_11,0.1871,600
KA06,n_samples,637,610
KA06,f1_score_3,0.8462,610
KA06,f1_score_5,0.8472,610
KA06,f1_score_7,0.8466,610
KA06,f1_score_9,0.8476,610
KA06,f1_score_11,0.8454,610
KA09,n_samples,233,610
KA09,f1_score_3,0.1163,610
KA09,f1_score_5,0.0806,610
KA09,f1_score_7,0.1024,610
KA09,f1_score_9,0.1704,610
KA09,f1_score_11,0.1871,610
KA06,n_samples,637,620
KA06,f1_score_3,0.8462,620
KA06,f1_score_5,0.8472,620
KA06,f1_score_7,0.8466,620
KA06,f1_score_9,0.8476,620
KA06,f1_score_11,0.8454,620
KA09,n_samples,233,620
KA09,f1_score_3,0.1163,620
KA09,f1_score_5,0.0806,620
KA09,f1_score_7,0.1024,620
KA09,f1_score_9,0.1704,620
KA09,f1_score_11,0.1871,620
KA06,n_samples,637,630
KA06,f1_score_3,0.8468,630
KA06,f1_score_5,0.8483,630
KA06,f1_score_7,0.8466,630
KA06,f1_score_9,0.8476,630
KA06,f1_score_11,0.8454,630
KA09,n_samples,233,630
KA09,f1_score_3,0.0952,630
KA09,f1_score_5,0.096,630
KA09,f1_score_7,0.1024,630
KA09,f1_score_9,0.1704,630
KA09,f1_score_11,0.1871,630
KA06,n_samples,637,640
KA06,f1_score_3,0.8454,640
KA06,f1_score_5,0.846,640
KA06,f1_score_7,0.8454,640
KA06,f1_score_9,0.8454,640
KA06,f1_score_11,0.8454,640
KA09,n_samples,233,640
KA09,f1_score_3,0.1871,640
KA09,f1_score_5,0.1691,640
KA09,f1_score_7,0.1871,640
KA09,f1_score_9,0.1871,640
KA09,f1_score_11,0.1871,640
KA06,n_samples,637,650
KA06,f1_score_3,0.8461,650
KA06,f1_score_5,0.8476,650
KA06,f1_score_7,0.8466,650
KA06,f1_score_9,0.8476,650
KA06,f1_score_11,0.8454,650
KA09,n_samples,233,650
KA09,f1_score_3,0.0335,650
KA09,f1_score_5,0.0338,650
KA09,f1_score_7,0.1024,650
KA09,f1_score_9,0.1704,650
KA09,f1_score_11,0.1871,650
KA06,n_samples,637,660
KA06,f1_score_3,0.8462,660
KA06,f1_score_5,0.8472,660
KA06,f1_score_7,0.8466,660
KA06,f1_score_9,0.8476,660
KA06,f1_score_11,0.8454,660
KA09,n_samples,233,660
KA09,f1_score_3,0.1163,660
KA09,f1_score_5,0.0806,660
KA09,f1_score_7,0.1024,660
KA09,f1_score_9,0.1704,660
KA09,f1_score_11,0.1871,660
KA06,n_samples,637,670
KA06,f1_score_3,0.8469,670
KA06,f1_score_5,0.8464,670
KA06,f1_score_7,0.8458,670
KA06,f1_score_9,0.8468,670
KA06,f1_score_11,0.8462,670
KA09,n_samples,233,670
KA09,f1_score_3,0.1167,670
KA09,f1_score_5,0.0803,670
KA09,f1_score_7,0.102,670
KA09,f1_score_9,0.1697,670
KA09,f1_score_11,0.1877,670
KA06,n_samples,637,680
KA06,f1_score_3,0.8475,680
KA06,f1_score_5,0.8483,680
KA06,f1_score_7,0.8466,680
KA06,f1_score_9,0.8476,680
KA06,f1_score_11,0.8454,680
KA09,n_samples,233,680
KA09,f1_score_3,0.0956,680
KA09,f1_score_5,0.096,680
KA09,f1_score_7,0.1024,680
KA09,f1_score_9,0.1704,680
KA09,f1_score_11,0.1871,680
KA06,n_samples,637,690
KA06,f1_score_3,0.8461,690
KA06,f1_score_5,0.8476,690
KA06,f1_score_7,0.8466,690
KA06,f1_score_9,0.8476,690
KA06,f1_score_11,0.8454,690
KA09,n_samples,233,690
KA09,f1_score_3,0.0335,690
KA09,f1_score_5,0.0338,690
KA09,f1_score_7,0.1024,690
KA09,f1_score_9,0.1704,690
KA09,f1_score_11,0.1871,690
KA06,n_samples,637,700
KA06,f1_score_3,0.8293,700
KA06,f1_score_5,0.8293,700
KA06,f1_score_7,0.8293,700
KA06,f1_score_9,0.8273,700
KA06,f1_score_11,0.8472,700
KA09,n_samples,233,700
KA09,f1_score_3,0.157,700
KA09,f1_score_5,0.157,700
KA09,f1_score_7,0.157,700
KA09,f1_score_9,0.1438,700
KA09,f1_score_11,0.0806,700
KA06,n_samples,637,710
KA06,f1_score_3,0.8461,710
KA06,f1_score_5,0.8476,710
KA06,f1_score_7,0.8466,710
KA06,f1_score_9,0.8476,710
KA06,f1_score_11,0.8454,710
KA09,n_samples,233,710
KA09,f1_score_3,0.0335,710
KA09,f1_score_5,0.0338,710
KA09,f1_score_7,0.1024,710
KA09,f1_score_9,0.1704,710
KA09,f1_score_11,0.1871,710
KA06,n_samples,637,720
KA06,f1_score_3,0.8462,720
KA06,f1_score_5,0.8472,720
KA06,f1_score_7,0.8466,720
KA06,f1_score_9,0.8476,720
KA06,f1_score_11,0.8454,720
KA09,n_samples,233,720
KA09,f1_score_3,0.1163,720
KA09,f1_score_5,0.0806,720
KA09,f1_score_7,0.1024,720
KA09,f1_score_9,0.1704,720
KA09,f1_score_11,0.1871,720
KA06,n_samples,637,730
KA06,f1_score_3,0.8469,730
KA06,f1_score_5,0.8472,730
KA06,f1_score_7,0.8466,730
KA06,f1_score_9,0.847,730
KA06,f1_score_11,0.8462,730
KA09,n_samples,233,730
KA09,f1_score_3,0.1167,730
KA09,f1_score_5,0.0806,730
KA09,f1_score_7,0.1024,730
KA09,f1_score_9,0.1884,730
KA09,f1_score_11,0.1877,730
KA06,n_samples,637,740
KA06,f1_score_3,0.8461,740
KA06,f1_score_5,0.8476,740
KA06,f1_score_7,0.8466,740
KA06,f1_score_9,0.8476,740
KA06,f1_score_11,0.8454,740
KA09,n_samples,233,740
KA09,f1_score_3,0.0335,740
KA09,f1_score_5,0.0338,740
KA09,f1_score_7,0.1024,740
KA09,f1_score_9,0.1704,740
KA09,f1_score_11,0.1871,740
KA06,n_samples,637,750
KA06,f1_score_3,0.8468,750
KA06,f1_score_5,0.8483,750
KA06,f1_score_7,0.8466,750
KA06,f1_score_9,0.8476,750
KA06,f1_score_11,0.8454,750
KA09,n_samples,233,750
KA09,f1_score_3,0.0952,750
KA09,f1_score_5,0.096,750
KA09,f1_score_7,0.1024,750
KA09,f1_score_9,0.1704,750
KA09,f1_score_11,0.1871,750
KA06,n_samples,637,760
KA06,f1_score_3,0.8469,760
KA06,f1_score_5,0.8464,760
KA06,f1_score_7,0.8458,760
KA06,f1_score_9,0.8468,760
KA06,f1_score_11,0.8462,760
KA09,n_samples,233,760
KA09,f1_score_3,0.1167,760
KA09,f1_score_5,0.0803,760
KA09,f1_score_7,0.102,760
KA09,f1_score_9,0.1697,760
KA09,f1_score_11,0.1877,760
KA06,n_samples,637,770
KA06,f1_score_3,0.8462,770
KA06,f1_score_5,0.8472,770
KA06,f1_score_7,0.8466,770
KA06,f1_score_9,0.8476,770
KA06,f1_score_11,0.8454,770
KA09,n_samples,233,770
KA09,f1_score_3,0.1163,770
KA09,f1_score_5,0.0806,770
KA09,f1_score_7,0.1024,770
KA09,f1_score_9,0.1704,770
KA09,f1_score_11,0.1871,770
KA06,n_samples,637,780
KA06,f1_score_3,0.8461,780
KA06,f1_score_5,0.8476,780
KA06,f1_score_7,0.8466,780
KA06,f1_score_9,0.8476,780
KA06,f1_score_11,0.8454,780
KA09,n_samples,233,780
KA09,f1_score_3,0.0335,780
KA09,f1_score_5,0.0338,780
KA09,f1_score_7,0.1024,780
KA09,f1_score_9,0.1704,780
KA09,f1_score_11,0.1871,780
KA06,n_samples,637,790
KA06,f1_score_3,0.8446,790
KA06,f1_score_5,0.8442,790
KA06,f1_score_7,0.8447,790
KA06,f1_score_9,0.8468,790
KA06,f1_score_11,0.8469,790
KA09,n_samples,233,790
KA09,f1_score_3,0.1154,790
KA09,f1_score_5,0.0168,790
KA09,f1_score_7,0.0569,790
KA09,f1_score_9,0.0952,790
KA09,f1_score_11,0.1167,790
KA06,n_samples,637,800
KA06,f1_score_3,0.8475,800
KA06,f1_score_5,0.8475,800
KA06,f1_score_7,0.8483,800
KA06,f1_score_9,0.8464,800
KA06,f1_score_11,0.8472,800
KA09,n_samples,233,800
KA09,f1_score_3,0.0956,800
KA09,f1_score_5,0.0956,800
KA09,f1_score_7,0.096,800
KA09,f1_score_9,0.0803,800
KA09,f1_score_11,0.0806,800
KA06,n_samples,637,810
KA06,f1_score_3,0.8433,810
KA06,f1_score_5,0.842,810
KA06,f1_score_7,0.8436,810
KA06,f1_score_9,0.8436,810
KA06,f1_score_11,0.846,810
KA09,n_samples,233,810
KA09,f1_score_3,0.1544,810
KA09,f1_score_5,0.1208,810
KA09,f1_score_7,0.1217,810
KA09,f1_score_9,0.1217,810
KA09,f1_score_11,0.1691,810
KA06,n_samples,637,820
KA06,f1_score_3,0.8446,820
KA06,f1_score_5,0.8442,820
KA06,f1_score_7,0.8447,820
KA06,f1_score_9,0.8468,820
KA06,f1_score_11,0.8469,820
KA09,n_samples,233,820
KA09,f1_score_3,0.1154,820
KA09,f1_score_5,0.0168,820
KA09,f1_score_7,0.0569,820
KA09,f1_score_9,0.0952,820
KA09,f1_score_11,0.1167,820
KA06,n_samples,637,830
KA06,f1_score_3,0.8468,830
KA06,f1_score_5,0.8483,830
KA06,f1_score_7,0.8466,830
KA06,f1_score_9,0.8476,830
KA06,f1_score_11,0.8454,830
KA09,n_samples,233,830
KA09,f1_score_3,0.0952,830
KA09,f1_score_5,0.096,830
KA09,f1_score_7,0.1024,830
KA09,f1_score_9,0.1704,830
KA09,f1_score_11,0.1871,830
KA06,n_samples,637,840
KA06,f1_score_3,0.8469,840
KA06,f1_score_5,0.8464,840
KA06,f1_score_7,0.8458,840
KA06,f1_score_9,0.8462,840
KA06,f1_score_11,0.8462,840
KA09,n_samples,233,840
KA09,f1_score_3,0.1167,840
KA09,f1_score_5,0.0803,840
KA09,f1_score_7,0.102,840
KA09,f1_score_9,0.1877,840
KA09,f1_score_11,0.1877,840
KA06,n_samples,637,850
KA06,f1_score_3,0.8462,850
KA06,f1_score_5,0.8472,850
KA06,f1_score_7,0.8466,850
KA06,f1_score_9,0.8476,850
KA06,f1_score_11,0.8454,850
KA09,n_samples,233,850
KA09,f1_score_3,0.1163,850
KA09,f1_score_5,0.0806,850
KA09,f1_score_7,0.1024,850
KA09,f1_score_9,0.1704,850
KA09,f1_score_11,0.1871,850
KA06,n_samples,637,860
KA06,f1_score_3,0.8475,860
KA06,f1_score_5,0.8483,860
KA06,f1_score_7,0.8466,860
KA06,f1_score_9,0.8476,860
KA06,f1_score_11,0.8454,860
KA09,n_samples,233,860
KA09,f1_score_3,0.0956,860
KA09,f1_score_5,0.096,860
KA09,f1_score_7,0.1024,860
KA09,f1_score_9,0.1704,860
KA09,f1_score_11,0.1871,860
KA06,n_samples,637,870
KA06,f1_score_3,0.8447,870
KA06,f1_score_5,0.8448,870
KA06,f1_score_7,0.8454,870
KA06,f1_score_9,0.8454,870
KA06,f1_score_11,0.8454,870
KA09,n_samples,233,870
KA09,f1_score_3,0.1358,870
KA09,f1_score_5,0.2042,870
KA09,f1_score_7,0.1871,870
KA09,f1_score_9,0.1871,870
KA09,f1_score_11,0.1871,870
KA06,n_samples,637,880
KA06,f1_score_3,0.8462,880
KA06,f1_score_5,0.8472,880
KA06,f1_score_7,0.8466,880
KA06,f1_score_9,0.8476,880
KA06,f1_score_11,0.8454,880
KA09,n_samples,233,880
KA09,f1_score_3,0.1163,880
KA09,f1_score_5,0.0806,880
KA09,f1_score_7,0.1024,880
KA09,f1_score_9,0.1704,880
KA09,f1_score_11,0.1871,880
KA06,n_samples,637,890
KA06,f1_score_3,0.8462,890
KA06,f1_score_5,0.8472,890
KA06,f1_score_7,0.8466,890
KA06,f1_score_9,0.8476,890
KA06,f1_score_11,0.8454,890
KA09,n_samples,233,890
KA09,f1_score_3,0.1163,890
KA09,f1_score_5,0.0806,890
KA09,f1_score_7,0.1024,890
KA09,f1_score_9,0.1704,890
KA09,f1_score_11,0.1871,890
KA06,n_samples,637,900
KA06,f1_score_3,0.8469,900
KA06,f1_score_5,0.8464,900
KA06,f1_score_7,0.8458,900
KA06,f1_score_9,0.8462,900
KA06,f1_score_11,0.8462,900
KA09,n_samples,233,900
KA09,f1_score_3,0.1167,900
KA09,f1_score_5,0.0803,900
KA09,f1_score_7,0.102,900
KA09,f1_score_9,0.1877,900
KA09,f1_score_11,0.1877,900
KA06,n_samples,637,910
KA06,f1_score_3,0.8468,910
KA06,f1_score_5,0.8483,910
KA06,f1_score_7,0.8466,910
KA06,f1_score_9,0.8476,910
KA06,f1_score_11,0.8454,910
KA09,n_samples,233,910
KA09,f1_score_3,0.0952,910
KA09,f1_score_5,0.096,910
KA09,f1_score_7,0.1024,910
KA09,f1_score_9,0.1704,910
KA09,f1_score_11,0.1871,910
KA06,n_samples,637,920
KA06,f1_score_3,0.8468,920
KA06,f1_score_5,0.8483,920
KA06,f1_score_7,0.8466,920
KA06,f1_score_9,0.8476,920
KA06,f1_score_11,0.8454,920
KA09,n_samples,233,920
KA09,f1_score_3,0.0952,920
KA09,f1_score_5,0.096,920
KA09,f1_score_7,0.1024,920
KA09,f1_score_9,0.1704,920
KA09,f1_score_11,0.1871,920
KA06,n_samples,637,930
KA06,f1_score_3,0.8469,930
KA06,f1_score_5,0.8464,930
KA06,f1_score_7,0.8458,930
KA06,f1_score_9,0.8462,930
KA06,f1_score_11,0.8462,930
KA09,n_samples,233,930
KA09,f1_score_3,0.1167,930
KA09,f1_score_5,0.0803,930
KA09,f1_score_7,0.102,930
KA09,f1_score_9,0.1877,930
KA09,f1_score_11,0.1877,930
KA06,n_samples,637,940
KA06,f1_score_3,0.8469,940
KA06,f1_score_5,0.8464,940
KA06,f1_score_7,0.8458,940
KA06,f1_score_9,0.8468,940
KA06,f1_score_11,0.8462,940
KA09,n_samples,233,940
KA09,f1_score_3,0.1167,940
KA09,f1_score_5,0.0803,940
KA09,f1_score_7,0.102,940
KA09,f1_score_9,0.1697,940
KA09,f1_score_11,0.1877,940
KA06,n_samples,637,950
KA06,f1_score_3,0.8477,950
KA06,f1_score_5,0.8472,950
KA06,f1_score_7,0.8466,950
KA06,f1_score_9,0.8462,950
KA06,f1_score_11,0.8462,950
KA09,n_samples,233,950
KA09,f1_score_3,0.1172,950
KA09,f1_score_5,0.0806,950
KA09,f1_score_7,0.1024,950
KA09,f1_score_9,0.1877,950
KA09,f1_score_11,0.1877,950
KA06,n_samples,637,960
KA06,f1_score_3,0.8462,960
KA06,f1_score_5,0.8472,960
KA06,f1_score_7,0.8466,960
KA06,f1_score_9,0.8476,960
KA06,f1_score_11,0.8454,960
KA09,n_samples,233,960
KA09,f1_score_3,0.1163,960
KA09,f1_score_5,0.0806,960
KA09,f1_score_7,0.1024,960
KA09,f1_score_9,0.1704,960
KA09,f1_score_11,0.1871,960
KA06,n_samples,637,970
KA06,f1_score_3,0.8461,970
KA06,f1_score_5,0.8476,970
KA06,f1_score_7,0.8466,970
KA06,f1_score_9,0.8476,970
KA06,f1_score_11,0.8454,970
KA09,n_samples,233,970
KA09,f1_score_3,0.0335,970
KA09,f1_score_5,0.0338,970
KA09,f1_score_7,0.1024,970
KA09,f1_score_9,0.1704,970
KA09,f1_score_11,0.1871,970
KA06,n_samples,637,980
KA06,f1_score_3,0.8468,980
KA06,f1_score_5,0.8483,980
KA06,f1_score_7,0.8466,980
KA06,f1_score_9,0.8476,980
KA06,f1_score_11,0.8454,980
KA09,n_samples,233,980
KA09,f1_score_3,0.0952,980
KA09,f1_score_5,0.096,980
KA09,f1_score_7,0.1024,980
KA09,f1_score_9,0.1704,980
KA09,f1_score_11,0.1871,980
KA06,n_samples,637,990
KA06,f1_score_3,0.8468,990
KA06,f1_score_5,0.8483,990
KA06,f1_score_7,0.8466,990
KA06,f1_score_9,0.8476,990
KA06,f1_score_11,0.8454,990
KA09,n_samples,233,990
KA09,f1_score_3,0.0952,990
KA09,f1_score_5,0.096,990
KA09,f1_score_7,0.1024,990
KA09,f1_score_9,0.1704,990
KA09,f1_score_11,0.1871,990
KA06,n_samples,637,1000
KA06,f1_score_3,0.8468,1000
KA06,f1_score_5,0.8483,1000
KA06,f1_score_7,0.8466,1000
KA06,f1_score_9,0.8476,1000
KA06,f1_score_11,0.8454,1000
KA09,n_samples,233,1000
KA09,f1_score_3,0.0952,1000
KA09,f1_score_5,0.096,1000
KA09,f1_score_7,0.1024,1000
KA09,f1_score_9,0.1704,1000
KA09,f1_score_11,0.1871,1000
