population,name,value,epoch
KA06,n_samples,637,10
KA06,f1_score_3,0.8475,10
KA06,f1_score_5,0.8476,10
KA06,f1_score_7,0.8465,10
KA06,f1_score_9,0.8469,10
KA06,f1_score_11,0.8464,10
KA09,n_samples,233,10
KA09,f1_score_3,0.124,10
KA09,f1_score_5,0.0656,10
KA09,f1_score_7,0.017,10
KA09,f1_score_9,0.1167,10
KA09,f1_score_11,0.0803,10
KA06,n_samples,637,20
KA06,f1_score_3,0.8469,20
KA06,f1_score_5,0.8465,20
KA06,f1_score_7,0.8454,20
KA06,f1_score_9,0.8465,20
KA06,f1_score_11,0.8476,20
KA09,n_samples,233,20
KA09,f1_score_3,0.0336,20
KA09,f1_score_5,0.017,20
KA09,f1_score_7,0,20
KA09,f1_score_9,0.017,20
KA09,f1_score_11,0.1704,20
KA06,n_samples,637,30
KA06,f1_score_3,0.8469,30
KA06,f1_score_5,0.8465,30
KA06,f1_score_7,0.8454,30
KA06,f1_score_9,0.8465,30
KA06,f1_score_11,0.8476,30
KA09,n_samples,233,30
KA09,f1_score_3,0.0336,30
KA09,f1_score_5,0.017,30
KA09,f1_score_7,0,30
KA09,f1_score_9,0.017,30
KA09,f1_score_11,0.1704,30
KA06,n_samples,637,40
KA06,f1_score_3,0.846,40
KA06,f1_score_5,0.8443,40
KA06,f1_score_7,0.8443,40
KA06,f1_score_9,0.8443,40
KA06,f1_score_11,0.8412,40
KA09,n_samples,233,40
KA09,f1_score_3,0.1691,40
KA09,f1_score_5,0.1487,40
KA09,f1_score_7,0.1487,40
KA09,f1_score_9,0.1487,40
KA09,f1_score_11,0.1465,40
KA06,n_samples,637,50
KA06,f1_score_3,0.8463,50
KA06,f1_score_5,0.8455,50
KA06,f1_score_7,0.8449,50
KA06,f1_score_9,0.8438,50
KA06,f1_score_11,0.8456,50
KA09,n_samples,233,50
KA09,f1_score_3,0.0574,50
KA09,f1_score_5,0.0252,50
KA09,f1_score_7,0.0492,50
KA09,f1_score_9,0.0331,50
KA09,f1_score_11,0.1089,50
KA06,n_samples,637,60
KA06,f1_score_3,0.8459,60
KA06,f1_score_5,0.8452,60
KA06,f1_score_7,0.8446,60
KA06,f1_score_9,0.8452,60
KA06,f1_score_11,0.8458,60
KA09,n_samples,233,60
KA09,f1_score_3,0.0415,60
KA09,f1_score_5,0.0085,60
KA09,f1_score_7,0,60
KA09,f1_score_9,0.0085,60
KA09,f1_score_11,0.0726,60
KA06,n_samples,637,70
KA06,f1_score_3,0.8459,70
KA06,f1_score_5,0.8449,70
KA06,f1_score_7,0.8444,70
KA06,f1_score_9,0.8449,70
KA06,f1_score_11,0.8456,70
KA09,n_samples,233,70
KA09,f1_score_3,0.0415,70
KA09,f1_score_5,0.0492,70
KA09,f1_score_7,0.0412,70
KA09,f1_score_9,0.0492,70
KA09,f1_score_11,0.1089,70
KA06,n_samples,637,80
KA06,f1_score_3,0.8466,80
KA06,f1_score_5,0.8456,80
KA06,f1_score_7,0.845,80
KA06,f1_score_9,0.8456,80
KA06,f1_score_11,0.8456,80
KA09,n_samples,233,80
KA09,f1_score_3,0.1024,80
KA09,f1_score_5,0.1089,80
KA09,f1_score_7,0.1016,80
KA09,f1_score_9,0.1089,80
KA09,f1_score_11,0.1089,80
KA06,n_samples,637,90
KA06,f1_score_3,0.8461,90
KA06,f1_score_5,0.8444,90
KA06,f1_score_7,0.8444,90
KA06,f1_score_9,0.8462,90
KA06,f1_score_11,0.8459,90
KA09,n_samples,233,90
KA09,f1_score_3,0.0335,90
KA09,f1_score_5,0.0412,90
KA09,f1_score_7,0.0412,90
KA09,f1_score_9,0.1163,90
KA09,f1_score_11,0.1231,90
KA06,n_samples,637,100
KA06,f1_score_3,0.8461,100
KA06,f1_score_5,0.8444,100
KA06,f1_score_7,0.8444,100
KA06,f1_score_9,0.845,100
KA06,f1_score_11,0.8459,100
KA09,n_samples,233,100
KA09,f1_score_3,0.0335,100
KA09,f1_score_5,0.0412,100
KA09,f1_score_7,0.0412,100
KA09,f1_score_9,0.1016,100
KA09,f1_score_11,0.1231,100
